seller_id,seller_state,orders,late_orders,late_rate,avg_review,revenue,late_decile,flag,seller_state_name
54965bbe3e4f07ae045b90b0b8541f52,PR,72,26.0,32.5,3.09,12247.0,10,Action required,Paraná
bbad7e518d7af88a0897397ffdca1979,SP,64,19.0,23.75,3.15,5468.0,10,Action required,São Paulo
beadbee30901a7f61d031b6b686095ad,SP,63,15.0,22.39,3.97,5260.0,10,Action required,São Paulo
6039e27294dc75811c0d8a39069f52c0,SP,62,16.0,21.92,3.88,15723.0,10,Action required,São Paulo
a49928bcdf77c55c6d6e05e09a9b4ca5,SP,93,22.0,21.78,3.02,10032.0,10,Action required,São Paulo
d20b021d3efdf267a402c402a48ea64b,SP,73,17.0,20.48,3.82,4581.0,10,Action required,São Paulo
712e6ed8aa4aa1fa65dab41fed5737e4,SC,77,17.0,20.0,3.46,46150.0,10,Action required,Santa Catarina
06a2c3af7b3aee5d69171b0e14f0ee87,MA,388,78.0,19.45,4.03,48074.0,10,Action required,Maranhão
ea566164622c6b439516ab18062c42cd,SP,50,10.0,19.23,3.75,11168.0,10,Action required,São Paulo
0d85bbda9889ce1f7e63778d24f346eb,MG,51,11.0,18.97,4.21,6470.0,10,Action required,Minas Gerais
cac4c8e7b1ca6252d8f20b2fc1a2e4af,SP,68,14.0,18.42,3.67,4943.0,10,Action required,São Paulo
cd68562d3f44870c08922d380acae552,SP,122,23.0,17.83,3.91,20280.0,10,Action required,São Paulo
88460e8ebdecbfecb5f9601833981930,PR,227,49.0,17.56,3.45,33103.0,10,Action required,Paraná
6973a06f484aacf400ece213dbf3d946,SP,77,16.0,17.2,3.78,10245.0,10,Action required,São Paulo
2c9e548be18521d1c43cde1c582c6de8,SP,123,28.0,16.47,3.95,8358.0,10,Action required,São Paulo
8160255418d5aaa7dbdc9f4c64ebda44,SP,355,63.0,16.03,3.91,49653.0,10,Action required,São Paulo
e5a3438891c0bfdb9394643f95273d8e,SP,213,39.0,15.98,3.91,10744.0,10,Action required,São Paulo
11bfa66332777660bd0640ee84d47006,SP,76,16.0,15.69,3.76,5609.0,10,Action required,São Paulo
1ca7077d890b907f89be8c954a02686a,SP,106,19.0,15.45,2.26,13790.0,10,Action required,São Paulo
b561927807645834b59ef0d16ba55a24,SP,82,14.0,15.22,4.33,5605.0,10,Action required,São Paulo
05f51e13da97139648b8125c31e5f51b,MG,57,9.0,15.0,4.25,14989.0,10,Action required,Minas Gerais
e62b2d6ac10570a035a30bafcf01d263,SP,60,10.0,14.49,3.86,6280.0,10,Action required,São Paulo
900ba814c251a692506d7834c1218441,SP,84,12.0,14.29,4.24,30308.0,10,Action required,São Paulo
431af27f296bc6519d890aa5a05fdb11,SP,114,17.0,14.17,3.87,14815.0,10,Action required,São Paulo
891071be6ba827b591264c90c2ae8a63,SP,82,12.0,14.12,3.88,4780.0,10,Action required,São Paulo
440dd6ab244315c632130ecfb63827b1,SP,87,12.0,13.64,3.9,14566.0,10,Action required,São Paulo
f7ba60f8c3f99e7ee4042fdef03b70c4,SP,213,30.0,13.39,4.25,71523.0,10,Action required,São Paulo
adbc26658d6c7b4b6219f9d934598091,PR,86,12.0,13.33,4.04,13387.0,10,Action required,Paraná
fffd5413c0700ac820c7069d66d98c89,SP,53,7.0,12.96,4.06,10760.0,10,Action required,São Paulo
8b28d096634035667e8263d57ba3368c,SP,135,19.0,12.93,3.94,11279.0,10,Action required,São Paulo
855668e0971d4dfd7bef1b6a4133b41b,SP,296,39.0,12.75,3.86,38130.0,10,Action required,São Paulo
972d0f9cf61b499a4812cf0bfa3ad3c4,SC,75,10.0,12.5,3.01,9271.0,10,Action required,Santa Catarina
7e1fb0a3ebfb01ffb3a7dae98bf3238d,SP,154,21.0,12.5,4.15,28953.0,10,Action required,São Paulo
8f2ce03f928b567e3d56181ae20ae952,SP,151,21.0,12.21,4.12,24970.0,10,Action required,São Paulo
7ad32824caee82087b3e2e5f33b1bf32,SP,140,21.0,12.14,3.84,24644.0,10,Action required,São Paulo
643214e62b870443ccbe55ab29a4dccf,SP,65,8.0,12.12,4.41,4121.0,10,Action required,São Paulo
b33e7c55446eabf8fe1a42d037ac7d6d,SP,146,18.0,12.08,4.21,46296.0,10,Action required,São Paulo
7aa4334be125fcdd2ba64b3180029f14,SP,211,28.0,12.07,4.08,19881.0,10,Action required,São Paulo
ba143b05f0110f0dc71ad71b4466ce92,SP,82,10.0,12.05,4.49,7235.0,10,Action required,São Paulo
048c2757535328e0d7dac690ad3c0aae,SP,50,6.0,12.0,4.24,10312.0,10,Action required,São Paulo
b2479f944e1b90cf8a5de1bbfde284d6,SP,98,15.0,12.0,3.37,6674.0,10,Action required,São Paulo
1eade46fba20122dc4aefb379f8c636b,SP,58,9.0,12.0,4.31,4674.0,9,Action required,São Paulo
c31eff8334d6b3047ed34bebd4d62c36,SP,116,14.0,11.97,3.9,14796.0,9,Action required,São Paulo
75d34ebb1bd0bd7dde40dd507b8169c3,BA,57,8.0,11.94,3.99,13970.0,9,Action required,Bahia
dd7ddc04e1b6c2c614352b383efe2d36,SP,114,16.0,11.85,3.81,11542.0,9,Action required,São Paulo
2eb70248d66e0e3ef83659f71b244378,SP,185,23.0,11.79,2.79,41853.0,9,Action required,São Paulo
a6fe7de3d16f6149ffe280349a8535a0,SP,50,6.0,11.76,4.06,3574.0,9,Action required,São Paulo
2e90cb1677d35cfe24eef47d441b7c87,SP,126,16.0,11.76,4.03,16763.0,9,Action required,São Paulo
34056b8b55c1775a22af2331670a799c,SP,77,9.0,11.69,4.04,8150.0,9,Action required,São Paulo
a673821011d0cec28146ea42f5ab767f,SP,116,15.0,11.63,4.07,14715.0,9,Action required,São Paulo
b1fc4f64df5a0e8b6913ab38803c57a9,RJ,99,13.0,11.61,3.87,9288.0,9,Action required,Rio de Janeiro
b499c00f28f4b7069ff6550af8c1348a,SP,140,20.0,11.49,4.25,12158.0,9,Action required,São Paulo
318f287a62ab7ac10b703ac37435a231,SP,51,7.0,11.48,3.92,3530.0,9,Action required,São Paulo
59b22a78efb79a4797979612b885db36,MG,123,15.0,11.45,3.98,31976.0,9,Action required,Minas Gerais
5058e8c1e82653974541e83690655b4a,SP,59,8.0,11.43,3.24,12122.0,9,Action required,São Paulo
7d13fca15225358621be4086e1eb0964,SP,548,64.0,11.41,4.05,118675.0,9,Action required,São Paulo
f3da5b2ff499efb8d4a6d371d175d7dd,SP,75,9.0,11.25,3.94,4488.0,9,Action required,São Paulo
897060da8b9a21f655304d50fd935913,SP,297,45.0,11.17,3.51,26340.0,9,Action required,São Paulo
fd386aa7bed2af3c7035c65506c9b4a3,SP,65,8.0,11.11,4.36,3050.0,9,Action required,São Paulo
8444e55c1f13cd5c179851e5ca5ebd00,MG,90,11.0,11.0,3.15,23375.0,9,Action required,Minas Gerais
a416b6a846a11724393025641d4edd5e,SP,157,19.0,10.8,4.22,27866.0,9,Action required,São Paulo
056b4ada5bbc2c50cc7842547dda6b51,RJ,64,7.0,10.77,4.16,13486.0,9,Action required,Rio de Janeiro
5343d0649eca2a983820bfe93fc4d17e,SP,61,10.0,10.75,3.98,10695.0,9,Action required,São Paulo
c3867b4666c7d76867627c2f7fb22e21,SP,221,25.0,10.73,4.05,38547.0,9,Action required,São Paulo
6fd52c528dcb38be2eea044946b811f8,SP,67,9.0,10.71,3.5,8882.0,9,Action required,São Paulo
4869f7a5dfa277a7dca6462dcf3b52b2,SP,1111,121.0,10.66,4.17,244124.0,9,Action required,São Paulo
8e6d7754bc7e0f22c96d255ebda59eba,SP,77,13.0,10.66,2.98,14700.0,9,Action required,São Paulo
99eaacc9e6046db1c82b163c5f84869f,SP,62,7.0,10.61,4.0,13509.0,9,Action required,São Paulo
3db66a856d18a9cba7c9241fc5221c50,MG,93,10.0,10.42,4.2,11434.0,9,Action required,Minas Gerais
f46490624488d3ff7ce78613913a7711,SP,80,9.0,10.34,3.57,7384.0,9,Action required,São Paulo
3df020b72d3d44b3af9d110fa3940b65,SP,53,10.0,10.31,3.91,6442.0,9,Action required,São Paulo
23613d49c3ac2bd302259e55c06c050c,SP,61,7.0,10.29,3.9,5709.0,9,Action required,São Paulo
06579cb253ecd5a3a12a9e6eb6bf8f47,SP,60,7.0,10.14,3.87,5927.0,9,Action required,São Paulo
42b729f859728f5079499127a9c2ef37,SP,101,13.0,10.08,4.39,5306.0,9,Action required,São Paulo
4a3ca9315b744ce9f8e9374361493884,SP,1673,185.0,10.07,3.88,219697.0,9,Action required,São Paulo
e9bc59e7b60fc3063eb2290deda4cced,PR,200,25.0,10.0,4.07,37011.0,9,Action required,Paraná
1835b56ce799e6a4dc4eddc053f04066,SP,375,49.0,9.86,3.7,36656.0,9,Action required,São Paulo
527801b552d0077ffd170872eb49683b,SP,90,9.0,9.78,4.48,20005.0,9,Action required,São Paulo
f0b47fbbc6dee9aafe415a6e33051b3f,SP,64,8.0,9.76,4.3,4939.0,9,Action required,São Paulo
23d7c96d4a1160db1c726b248601b25a,SP,50,5.0,9.62,3.94,11947.0,9,Action required,São Paulo
e9d99831abad74458942f21e16f33f92,SP,129,14.0,9.46,3.92,6873.0,9,Action required,São Paulo
4e17c65a516f69d023a2ae78b84f28d6,SP,61,7.0,9.46,4.08,8795.0,9,Action required,São Paulo
70a12e78e608ac31179aea7f8422044b,SP,307,30.0,9.43,3.78,35021.0,8,OK,São Paulo
77530e9772f57a62c906e1c21538ab82,PR,296,34.0,9.39,4.13,51887.0,8,OK,Paraná
aac29b1b99776be73c3049939652091d,MG,92,12.0,9.38,4.0,9015.0,8,OK,Minas Gerais
f84a00e60c73a49e7e851c9bdca3a5bb,RJ,87,9.0,9.38,3.71,7724.0,8,OK,Rio de Janeiro
cfb1a033743668a192316f3c6d1d2671,SP,128,15.0,9.38,4.23,14067.0,8,OK,São Paulo
b14db04aa7881970e83ffa9426897925,SP,71,9.0,9.38,3.87,7041.0,8,OK,São Paulo
fa1c13f2614d7b5c4749cbc52fecda94,SP,566,53.0,9.35,4.39,198537.0,8,OK,São Paulo
1336efc61c316ddf92c899eb817f7cae,SP,66,7.0,9.33,4.21,5823.0,8,OK,São Paulo
a888faf2d1baececa6baf9c3d603ee1f,PR,53,5.0,9.26,4.11,18673.0,8,OK,Paraná
634964b17796e64304cadf1ad3050fb7,RJ,257,29.0,9.21,3.92,43549.0,8,OK,Rio de Janeiro
8648b1e89e9b349e32d3741b30ec737e,SP,91,9.0,9.18,4.13,8457.0,8,OK,São Paulo
9c0e69c7bf2619675bbadf47b43f655a,SP,137,16.0,9.09,4.18,32222.0,8,OK,São Paulo
0dd184061fb0eaa7ca37932c68ab91c5,SP,156,17.0,9.09,3.99,22995.0,8,OK,São Paulo
4e922959ae960d389249c378d1c939f5,SP,410,40.0,9.01,3.91,52243.0,8,OK,São Paulo
f84fa566034f5e8e880a07ec624c56af,SP,89,9.0,9.0,4.3,6204.0,8,OK,São Paulo
7c67e1448b00f6e969d365cea6b010ab,SP,963,120.0,8.94,3.36,234900.0,8,OK,São Paulo
7d76b645482be4a332374e8223836592,SP,168,16.0,8.94,3.98,6083.0,8,OK,São Paulo
ececbfcff9804a2d6b40f589df8eef2b,SP,95,9.0,8.91,4.13,8363.0,8,OK,São Paulo
ce7d1888639e6fb06b2749cbfdac1ff7,MG,73,7.0,8.86,4.24,13954.0,8,OK,Minas Gerais
d13e50eaa47b4cbe9eb81465865d8cfc,SP,66,6.0,8.82,4.81,7908.0,8,OK,São Paulo
76d5af76d0271110f9af36c92573f765,SP,122,13.0,8.78,4.12,33658.0,8,OK,São Paulo
620c87c171fb2a6dd6e8bb4dec959fc6,RJ,694,65.0,8.68,4.26,120288.0,8,OK,Rio de Janeiro
8b321bb669392f5163d04c59e235e066,SP,917,86.0,8.68,4.04,30690.0,8,OK,São Paulo
522620dcb18a6b31cd7bdf73665113a9,PR,167,15.0,8.67,3.92,60321.0,8,OK,Paraná
fe2032dab1a61af8794248c8196565c9,SP,288,26.0,8.67,4.43,69222.0,8,OK,São Paulo
4c2b230173bb36f9b240f2b8ac11786e,SP,253,29.0,8.63,3.76,18489.0,8,OK,São Paulo
1d8dbc4f32378d715c717c1c1fc57bae,PR,87,8.0,8.6,4.02,12751.0,8,OK,Paraná
218d46b86c1881d022bce9c68a7d4b15,SP,371,35.0,8.6,4.21,59706.0,8,OK,São Paulo
ea8482cd71df3c1969d7b9473ff13abc,SP,1116,100.0,8.55,4.01,53088.0,8,OK,São Paulo
f27e33c6d29b5138fa9967bcd445b6d5,SP,91,8.0,8.33,4.07,10121.0,8,OK,São Paulo
a3e9a2c700480d9bb01fba070ba80a0e,SP,118,11.0,8.33,4.1,15110.0,8,OK,São Paulo
17f51e7198701186712e53a39c564617,SP,55,5.0,8.33,4.35,56577.0,8,OK,São Paulo
ce248b21cb2adc36282ede306b7660e5,SC,60,5.0,8.33,4.28,14899.0,8,OK,Santa Catarina
ef506c96320abeedfb894c34db06f478,SP,309,27.0,8.31,3.95,14345.0,8,OK,São Paulo
7681ef142fd2c19048da7430856b5588,SP,56,6.0,8.22,4.24,33717.0,8,OK,São Paulo
729f06993dac8e860d4f02d7088ca48a,SP,91,9.0,8.18,4.35,24455.0,8,OK,São Paulo
37515688008a7a40ac93e3b2e4ab203f,SP,221,19.0,8.15,4.12,9152.0,8,OK,São Paulo
213b25e6f54661939f11710a6fddb871,SP,135,14.0,8.14,4.06,16373.0,8,OK,São Paulo
7ddcbb64b5bc1ef36ca8c151f6ec77df,SP,324,27.0,8.11,3.98,62019.0,8,OK,São Paulo
391fc6631aebcf3004804e51b40bcf1e,SP,484,45.0,8.09,4.06,45692.0,8,OK,São Paulo
715bbd5ba4e6b74cb0d2f29eb45058b0,SP,60,5.0,8.06,4.45,5218.0,8,OK,São Paulo
058fd0aa2bfdb2274e05e1ae971dabb6,SP,59,5.0,8.06,4.45,8288.0,7,OK,São Paulo
8581055ce74af1daba164fdbd55a40de,SP,375,34.0,8.06,4.27,72694.0,7,OK,São Paulo
1f50f920176fa81dab994f9023523100,SP,1364,150.0,8.02,4.04,137218.0,7,OK,São Paulo
d673a59aac7a70d8b01e6902bf090a11,SP,70,6.0,8.0,4.15,5028.0,7,OK,São Paulo
cbd996ad3c1b7dc71fd0e5f5df9087e2,SP,159,15.0,7.98,4.13,10929.0,7,OK,São Paulo
16090f2ca825584b5a147ab24aa30c86,SP,397,32.0,7.9,4.07,30952.0,7,OK,São Paulo
9646c3513289980f17226a2fc4720dbd,SP,69,6.0,7.89,4.34,4152.0,7,OK,São Paulo
5d0363b33554b373851fc1622e4d5f3c,SP,90,7.0,7.69,4.14,8429.0,7,OK,São Paulo
04308b1ee57b6625f47df1d56f00eedf,SC,92,7.0,7.61,3.95,61941.0,7,OK,Santa Catarina
54a1852d1b8f10312c55e906355666ee,SP,197,15.0,7.46,4.39,20327.0,7,OK,São Paulo
1900267e848ceeba8fa32d80c1a5f5a8,SP,359,34.0,7.41,3.97,29259.0,7,OK,São Paulo
e24fc9fcd865784fb25705606fe3dfe7,SP,50,4.0,7.41,4.19,13535.0,7,OK,São Paulo
f262cbc1c910c83959f849465454ddd3,SP,188,15.0,7.39,4.11,12594.0,7,OK,São Paulo
e5a38146df062edaf55c38afa99e42dc,SP,118,9.0,7.38,3.98,17028.0,7,OK,São Paulo
4a3ccda38b2129705f3fb522db62ca31,SP,61,5.0,7.35,3.96,16351.0,7,OK,São Paulo
a420f60ff1aa9acc80d0e42959f2b313,SP,66,5.0,7.35,3.97,8499.0,7,OK,São Paulo
ef0ace09169ac090589d85746e3e036f,RJ,125,10.0,7.35,4.38,18006.0,7,OK,Rio de Janeiro
7040e82f899a04d1b434b795a43b4617,SP,203,16.0,7.34,3.58,12129.0,7,OK,São Paulo
17e34d8224d27a541263c4c64b11a56b,SP,246,19.0,7.34,4.21,59351.0,7,OK,São Paulo
e59aa562b9f8076dd550fcddf0e73491,PR,69,6.0,7.32,4.33,32876.0,7,OK,Paraná
c9c7905cffc4ef9ff9f113554423e671,SP,125,10.0,7.3,4.17,12652.0,7,OK,São Paulo
70c27847eca8195c983ed7e798c56743,RJ,75,7.0,7.29,4.23,13313.0,7,OK,Rio de Janeiro
c8b0e2b0a7095e5d8219575d5e7e1181,SP,82,6.0,7.23,4.07,13396.0,7,OK,São Paulo
66922902710d126a0e7d26b0e3805106,MG,148,11.0,7.19,4.49,17320.0,7,OK,Minas Gerais
c826c40d7b19f62a09e2d7c5e7295ee2,SP,344,26.0,7.16,4.1,49808.0,7,OK,São Paulo
3b15288545f8928d3e65a8f949a28291,SP,95,8.0,7.14,4.01,15370.0,7,OK,São Paulo
f7ccf836d21b2fb1de37564105216cc1,SP,66,5.0,7.14,3.88,3693.0,7,OK,São Paulo
6860153b69cc696d5dcfe1cdaaafcf62,SP,74,6.0,7.14,4.16,5318.0,7,OK,São Paulo
f214d28e8d8e3ef068748498ccc2f813,SP,51,4.0,7.14,4.11,2912.0,7,OK,São Paulo
7142540dd4c91e2237acb7e911c4eba2,SP,311,23.0,7.12,4.09,43190.0,7,OK,São Paulo
edb1ef5e36e0c8cd84eb3c9b003e486d,RJ,163,12.0,6.98,4.46,82186.0,7,OK,Rio de Janeiro
d6b1ce66b035a475f00c017792ff9769,SP,88,7.0,6.93,4.26,13672.0,7,OK,São Paulo
1025f0e2d44d7041d6cf58b6550e0bfa,SP,879,95.0,6.92,3.91,166008.0,7,OK,São Paulo
d1c281d3ae149232351cd8c8cc885f0d,SP,192,15.0,6.91,3.9,28691.0,7,OK,São Paulo
48436dade18ac8b2bce089ec2a041202,SP,132,10.0,6.9,4.17,14498.0,7,OK,São Paulo
de23c3b98a88888289c6f5cc1209054a,SP,157,12.0,6.9,4.33,27803.0,7,OK,São Paulo
6a8b085f816a1f75f92dbac6eb545f8f,SP,123,9.0,6.87,4.2,7895.0,7,OK,São Paulo
f5a590cf36251cf1162ea35bef76fe84,SP,113,8.0,6.78,4.28,55367.0,7,OK,São Paulo
f45122a9ab94eb4f3f8953578bc0c560,SP,179,13.0,6.77,3.96,24736.0,7,OK,São Paulo
bd0389da23d89b726abf911cccc54596,DF,86,6.0,6.74,4.24,9066.0,7,OK,Distrito Federal
f80edd2c5aaa505cc4b0a3b219abf4b8,SP,110,8.0,6.72,4.23,10971.0,7,OK,São Paulo
4371b634e0efc0e22b09b52907d9d469,SP,98,7.0,6.67,4.55,9016.0,6,OK,São Paulo
aba1721a889e04decc910aa13b768ef4,SP,81,6.0,6.67,4.46,15256.0,6,OK,São Paulo
00ee68308b45bc5e2660cd833c3f81cc,SP,130,11.0,6.63,4.35,22474.0,6,OK,São Paulo
0be8ff43f22e456b4e0371b2245e4d01,SP,150,11.0,6.59,4.05,13350.0,6,OK,São Paulo
dc4a0fc896dc34b0d5bfec8438291c80,SP,211,15.0,6.58,3.86,25693.0,6,OK,São Paulo
e067ad2c1c0b48758eb1b5228bcf7a68,SP,54,4.0,6.56,4.13,6048.0,6,OK,São Paulo
7e3f87d16fb353f408d467e74fbd8014,SP,90,6.0,6.52,4.2,5996.0,6,OK,São Paulo
3be634553519fb6536a03e1358e9fdc7,SP,77,6.0,6.52,4.09,6763.0,6,OK,São Paulo
955fee9216a65b617aa5c0531780ce60,SP,1252,95.0,6.49,4.09,155844.0,6,OK,São Paulo
da8622b14eb17ae2831f4ac5b9dab84a,SP,1272,97.0,6.48,4.11,178437.0,6,OK,São Paulo
6d66611d7c44cc30ce351abc49a68421,SP,160,11.0,6.47,3.93,16299.0,6,OK,São Paulo
f457c46070d02cadd8a68551231220dd,PR,169,13.0,6.47,3.99,19558.0,6,OK,Paraná
8a130737016f838139d31878787a39c9,SP,56,4.0,6.45,4.35,5064.0,6,OK,São Paulo
ccc4bbb5f32a6ab2b7066a4130f114e3,PR,181,12.0,6.45,4.36,76929.0,6,OK,Paraná
d05ae8f7a5bd1d2a690a44cd079e4e27,RJ,75,5.0,6.41,3.87,13995.0,6,OK,Rio de Janeiro
b2ba3715d723d245138f291a6fe42594,SP,319,22.0,6.4,4.25,55119.0,6,OK,São Paulo
70eea00b476a314817cefde4aad4f89a,SP,104,7.0,6.36,4.38,33884.0,6,OK,São Paulo
e9779976487b77c6d4ac45f75ec7afe9,SP,631,46.0,6.36,4.23,51014.0,6,OK,São Paulo
5b925e1d006e9476d738aa200751b73b,SP,63,4.0,6.35,4.6,8802.0,6,OK,São Paulo
25c5c91f63607446a97b143d2d535d31,MG,147,16.0,6.35,3.83,57187.0,6,OK,Minas Gerais
8e8a7ce9f2f970dc00e2acf6f6e199f6,RJ,63,4.0,6.25,4.03,9969.0,6,OK,Rio de Janeiro
96493fab2fbb13a14d0c0e8772eef5c3,SP,63,4.0,6.25,4.03,20181.0,6,OK,São Paulo
1554a68530182680ad5c8b042c3ab563,MG,237,16.0,6.2,4.29,34617.0,6,OK,Minas Gerais
f4aba7c0bca51484c30ab7bdc34bcdd1,SP,106,7.0,6.19,3.89,4359.0,6,OK,São Paulo
834f3294fba9f932f56edc879193f925,SP,65,4.0,6.15,4.55,43471.0,6,OK,São Paulo
951e8cef368f09bb3f3d03c00ca4702c,SP,59,4.0,6.15,4.24,4896.0,6,OK,São Paulo
7a241947449cc45dbfda4f9d0798d9d0,MG,55,4.0,6.15,3.77,9158.0,6,OK,Minas Gerais
7ea5bfa6c340f58f8e71fc1f0412b0d6,MG,92,6.0,6.12,4.26,11880.0,6,OK,Minas Gerais
2e1c9f22be269ef4643f826c9e650a52,SP,159,10.0,6.06,4.27,14357.0,6,OK,São Paulo
6d803cb79cc31c41c4c789a75933b3c7,SP,58,4.0,6.06,4.29,9925.0,6,OK,São Paulo
4c18691b6037662be2df78a765d98ab5,SP,62,4.0,6.06,3.82,4269.0,6,OK,São Paulo
8a32e327fe2c1b3511609d81aaf9f042,SP,123,10.0,6.06,3.98,8063.0,6,OK,São Paulo
1bb2bdb95f4841f1bba2c0d2cd83d3c9,SP,79,5.0,6.02,4.57,6024.0,6,OK,São Paulo
004c9cd9d87a3c30c522c48c4fc07416,SP,155,10.0,5.99,4.16,22951.0,6,OK,São Paulo
4b9750c8ad28220fe6702d4ecb7c898f,SP,214,13.0,5.96,4.36,18987.0,6,OK,São Paulo
3c7c4a49ec3c6550809089c6a2ca9370,SP,135,9.0,5.84,3.75,5449.0,6,OK,São Paulo
827f8f69dfa529c561901c4f2e0f332f,PR,90,6.0,5.83,4.26,4962.0,6,OK,Paraná
4992e76a42cb3aad7a7047e0d3d7e729,SP,52,4.0,5.8,3.86,3001.0,6,OK,São Paulo
8d956fec2e4337affcb520f56fd8cbfd,SP,208,13.0,5.78,4.22,14166.0,6,OK,São Paulo
45d33f715e24d15a6ccf5c17b3a23e3c,SP,50,3.0,5.77,4.46,5004.0,6,OK,São Paulo
2a7dc43cecabf23403078e2188437d1d,SP,50,3.0,5.77,4.17,5567.0,6,OK,São Paulo
46dc3b2cc0980fb8ec44634e21d2718e,RJ,490,29.0,5.7,4.3,130807.0,5,OK,Rio de Janeiro
59fb871bf6f4522a87ba567b42dafecf,SP,122,7.0,5.65,4.28,23066.0,5,OK,São Paulo
a17f621c590ea0fab3d5d883e1630ec6,SP,58,4.0,5.63,4.28,3333.0,5,OK,São Paulo
8e6cc767478edae941d9bd9eb778d77a,MG,99,6.0,5.61,4.01,7863.0,5,OK,Minas Gerais
1127b7f2594683f2510f1c2c834a486b,SP,108,7.0,5.6,4.24,8321.0,5,OK,São Paulo
3d871de0142ce09b7081e2b9d1733cb1,SP,1044,62.0,5.59,4.17,113908.0,5,OK,São Paulo
dd2bdf855a9172734fbc3744021ae9b9,MG,103,6.0,5.56,3.78,12222.0,5,OK,Minas Gerais
5f2684dab12e59f83bef73ae57724e45,SP,67,4.0,5.48,3.75,9981.0,5,OK,São Paulo
17a053fcb14bd219540cbde0df490be0,SP,122,8.0,5.48,4.27,48578.0,5,OK,São Paulo
08633c14ef2db992c11f840f04fad4cd,SP,71,5.0,5.43,4.24,8640.0,5,OK,São Paulo
01fdefa7697d26ad920e9e0346d4bd1b,PR,127,7.0,5.43,4.37,17435.0,5,OK,Paraná
d650b663c3b5f6fb392b6326366efa9a,SP,56,3.0,5.36,4.43,18937.0,5,OK,São Paulo
d9a84e1403de8da0c3aa531d6d108ba6,SP,51,3.0,5.36,4.75,2023.0,5,OK,São Paulo
5dceca129747e92ff8ef7a997dc4f8ca,SP,317,18.0,5.33,4.03,121529.0,5,OK,São Paulo
7a67c85e85bb2ce8582c35f2203ad736,SP,1120,60.0,5.31,4.31,156859.0,5,OK,São Paulo
dc317f341ab0e22f39acbd9dbf9b4a1f,RS,54,3.0,5.26,4.12,22260.0,5,OK,Rio Grande do Sul
1f9ab4708f3056ede07124aad39a2554,SP,75,4.0,5.26,4.15,15475.0,5,OK,São Paulo
bfd27a966d91cfaafdb25d076585f0da,SP,114,6.0,5.22,4.32,21861.0,5,OK,São Paulo
d2374cbcbb3ca4ab1086534108cc3ab7,SP,489,30.0,5.17,3.79,28148.0,5,OK,São Paulo
6560211a19b47992c3666cc44a7e94c0,SP,1788,101.0,5.15,3.97,145927.0,5,OK,São Paulo
fa40cc5b934574b62717c68f3d678b6d,SP,298,17.0,5.15,4.44,19971.0,5,OK,São Paulo
f8db351d8c4c4c22c6835c19a46f01b0,SP,646,36.0,5.15,4.29,61976.0,5,OK,São Paulo
001cca7ae9ae17fb1caed9dfb1094831,ES,194,12.0,5.15,3.98,32968.0,5,OK,Espírito Santo
cc419e0650a3c5ba77189a1882b7556a,SP,1646,88.0,5.13,4.15,125450.0,5,OK,São Paulo
8cbac7e12637ed9cffa18c7875207478,SC,64,4.0,5.13,4.31,4463.0,5,OK,Santa Catarina
c70c1b0d8ca86052f45a432a38b73958,SP,258,17.0,5.09,4.32,39940.0,5,OK,São Paulo
8f119a0aee85c0c8fc534629734e94fd,SP,73,4.0,5.06,4.3,4525.0,5,OK,São Paulo
c003204e1ab016dfa150abc119207b24,SP,194,10.0,5.03,4.46,29521.0,5,OK,São Paulo
a1043bafd471dff536d0c462352beb48,MG,694,37.0,4.98,4.26,128671.0,5,OK,Minas Gerais
0c8380b62e38e8a1e6adbeba7eb9688c,MG,169,10.0,4.95,4.13,20083.0,5,OK,Minas Gerais
5656537e588803a555b8eb41f07a944b,DF,169,9.0,4.95,3.85,11119.0,5,OK,Distrito Federal
d9bd94811c3338dceb4181f3dbc0c73e,SP,54,3.0,4.92,4.82,7682.0,5,OK,São Paulo
ceaec5548eefc6e23e6607c5435102e7,SP,197,10.0,4.88,4.2,57594.0,5,OK,São Paulo
5a8e7d5003a1f221f9e1d6e411de7c23,SP,125,8.0,4.88,4.23,12594.0,5,OK,São Paulo
4830e40640734fc1c52cd21127c341d4,SP,197,10.0,4.88,4.21,12019.0,5,OK,São Paulo
53e4c6e0f4312d4d2107a8c9cddf45cd,SP,444,24.0,4.87,4.09,37709.0,5,OK,São Paulo
18a349e75d307f4b4cc646a691ed4216,SP,107,6.0,4.84,3.6,9136.0,5,OK,São Paulo
850f4f8af5ea87287ac68de36e29107f,SP,182,9.0,4.81,4.33,47498.0,5,OK,São Paulo
0241d4d5d36f10f80c644447315af0bd,PR,224,11.0,4.76,4.42,35780.0,5,OK,Paraná
41b39e28db005d9731d9d485a83b4c38,SP,176,10.0,4.76,4.31,19257.0,5,OK,São Paulo
7e93a43ef30c4f03f38b393420bc753a,SP,314,15.0,4.73,4.39,168640.0,5,OK,São Paulo
2138ccb85b11a4ec1e37afbd1c8eda1f,SP,372,19.0,4.73,3.94,17224.0,4,OK,São Paulo
670c26e0f1bf8d0576271d5cfaec6d2b,PR,76,4.0,4.71,4.39,7860.0,4,OK,Paraná
01cf7e3d21494c41fb86034f2e714fa1,PR,58,3.0,4.69,4.17,11315.0,4,OK,Paraná
44073f8b7e41514de3b7815dd0237f4f,DF,141,7.0,4.67,3.74,21384.0,4,OK,Distrito Federal
79ebd9a61bac3eaf882805ed4ecfa12a,PR,122,6.0,4.65,4.15,17690.0,4,OK,Paraná
0adac9fbd9a2b63cccaac4f8756c1ca8,SP,103,6.0,4.62,4.07,17146.0,4,OK,São Paulo
cca3071e3e9bb7d12640c9fbe2301306,SP,657,35.0,4.59,3.98,71473.0,4,OK,São Paulo
2528513dd95219a6013d4d05176e391a,SP,147,7.0,4.58,4.13,34340.0,4,OK,São Paulo
05d2173d43ea568aa0540eba70d2ca76,MG,62,3.0,4.55,4.0,7439.0,4,OK,Minas Gerais
688756f717c462a206ad854c5027a64a,SP,72,4.0,4.55,3.93,6910.0,4,OK,São Paulo
92eb0f42c21942b6552362b9b114707d,SP,328,16.0,4.55,3.98,11042.0,4,OK,São Paulo
d50d79cb34e38265a8649c383dcffd48,SP,67,3.0,4.48,4.24,14381.0,4,OK,São Paulo
1b4c3a6f53068f0b6944d2d005c9fc89,SC,108,5.0,4.46,4.15,16899.0,4,OK,Santa Catarina
1c129092bf23f28a5930387c980c0dfc,SP,185,9.0,4.43,4.3,11574.0,4,OK,São Paulo
dbb9b48c841a0e39e21f98e1a6b2ec3e,SP,103,5.0,4.42,4.23,8240.0,4,OK,São Paulo
dee656f0f566ed1aa85bd137c943f08f,SP,89,4.0,4.4,4.41,7704.0,4,OK,São Paulo
128639473a139ac0f3e5f5ade55873a5,PR,520,24.0,4.39,4.22,21288.0,4,OK,Paraná
db4350fd57ae30082dec7acbaacc17f9,SP,128,6.0,4.38,4.22,5058.0,4,OK,São Paulo
6edacfd9f9074789dad6d62ba7950b9c,SP,196,9.0,4.37,4.49,15218.0,4,OK,São Paulo
a3a38f4affed601eb87a97788c949667,SC,244,11.0,4.35,4.45,30478.0,4,OK,Santa Catarina
066a6914e1ebf3ea95a216c73a986b91,PR,63,3.0,4.35,4.01,10429.0,4,OK,Paraná
0c7533c71df861ec58ad7ff999ed0e8d,SP,58,3.0,4.29,4.13,3688.0,4,OK,São Paulo
7299e27ed73d2ad986de7f7c77d919fa,MG,330,15.0,4.25,4.43,40601.0,4,OK,Minas Gerais
7b07b3c7487f0ea825fc6df75abd658b,SP,90,4.0,4.21,4.39,10531.0,4,OK,São Paulo
87142160b41353c4e5fca2360caf6f92,RS,301,14.0,4.19,4.38,37731.0,4,OK,Rio Grande do Sul
81a1104df0f08b59c68aa5b03cfe398e,PR,72,3.0,4.17,4.31,11115.0,4,OK,Paraná
0509040ea3fe50071181bbc359eb7738,MG,87,4.0,4.17,4.49,5099.0,4,OK,Minas Gerais
e333046ce6517bd8bb510291d44f0130,SP,66,3.0,4.17,4.46,8518.0,4,OK,São Paulo
813348c996469b40f2e028d5429d3495,SP,170,8.0,4.15,4.02,14099.0,4,OK,São Paulo
1da3aeb70d7989d1e6d9b0e887f97c23,SP,254,13.0,4.13,4.1,12665.0,4,OK,São Paulo
dbd66278cbfe1aa1000f90a217ca4695,SP,83,4.0,4.12,4.48,6355.0,4,OK,São Paulo
b6d44737c043328708f6749c2dbe50bd,SP,56,3.0,4.11,4.68,6255.0,4,OK,São Paulo
c33847515fa6305ce6feb1e818569f13,SC,108,5.0,4.1,3.75,19010.0,4,OK,Santa Catarina
9d4db00d65d7760644ac0c14edb5fd86,SP,97,4.0,4.04,4.54,11355.0,4,OK,São Paulo
640e21a7d01df7614a3b4923e990d40c,SP,105,5.0,4.03,4.4,9053.0,4,OK,São Paulo
f7720c4fa8e3aba4546301ab80ea1f1b,PR,57,3.0,4.0,4.27,3278.0,4,OK,Paraná
25cf099de44674fde97473224f9d59ab,SP,50,2.0,4.0,4.33,2360.0,4,OK,São Paulo
7008613ea464bad5cb9b83456e1e6a8f,SC,122,6.0,3.97,4.29,10432.0,4,OK,Santa Catarina
080102cd0a76b09e0dcf55fcacc60e05,MG,120,5.0,3.97,4.56,7673.0,4,OK,Minas Gerais
94144541854e298c2d976cb893b81343,RS,68,3.0,3.95,4.33,18716.0,4,OK,Rio Grande do Sul
4d6d651bd7684af3fffabd5f08d12e5a,SP,357,15.0,3.93,4.25,50123.0,4,OK,São Paulo
aafe36600ce604f205b86b5084d3d767,SC,127,5.0,3.91,4.38,11455.0,3,OK,Santa Catarina
00fc707aaaad2d31347cf883cd2dfe10,PR,98,5.0,3.88,3.81,14331.0,3,OK,Paraná
669ae81880e08f269a64487cfb287169,SC,159,7.0,3.83,4.18,16362.0,3,OK,Santa Catarina
d91fb3b7d041e83b64a00a3edfb37e4f,SP,524,20.0,3.81,4.13,48984.0,3,OK,São Paulo
1c68394e931a64f90ea236c5ea590300,PR,132,6.0,3.8,4.03,26356.0,3,OK,Paraná
537eb890efff034a88679788b647c564,RJ,148,6.0,3.8,4.26,6509.0,3,OK,Rio de Janeiro
a7f13822ceb966b076af67121f87b063,SP,68,3.0,3.8,3.61,14176.0,3,OK,São Paulo
710e3548e02bc1d2831dfc4f1b5b14d4,PR,127,5.0,3.79,3.45,25493.0,3,OK,Paraná
9f505651f4a6abe901a56cdc21508025,SP,390,16.0,3.78,4.32,31689.0,3,OK,São Paulo
7202e2ba20579a9bd1acb29e61fe71f6,SP,51,2.0,3.77,3.94,13217.0,3,OK,São Paulo
0db783cfcd3b73998abc6e10e59a102f,SP,128,5.0,3.76,4.25,10766.0,3,OK,São Paulo
9de4643a8dbde634fe55621059d92273,SC,71,3.0,3.75,4.56,19078.0,3,OK,Santa Catarina
282f23a9769b2690c5dda22e316f9941,MG,97,4.0,3.74,4.36,8210.0,3,OK,Minas Gerais
30a2f535bb48308f991d0b9ad4a8c4bb,SP,66,3.0,3.66,4.41,5517.0,3,OK,São Paulo
2dee2ce60de9709b1a24083217181a1f,MT,54,2.0,3.64,4.36,9845.0,3,OK,Mato Grosso
c6bda72e4dbf5c5866b13cb1810c6d03,SP,55,2.0,3.64,4.55,14699.0,3,OK,São Paulo
eeb6de78f79159600292e314a77cbd18,SC,82,3.0,3.61,4.42,46507.0,3,OK,Santa Catarina
ebd2d60905fb58271facef5596b620d3,SP,80,3.0,3.61,4.24,9207.0,3,OK,São Paulo
701938c450705b8ae65fc923b70f35c7,SP,74,4.0,3.6,3.75,15651.0,3,OK,São Paulo
750303a20e9c56b2a6bc45cdce0b897d,GO,53,2.0,3.57,4.34,9165.0,3,OK,Goiás
e8b3a3a38279a82f0e5d006d5e5b7d2c,PR,79,3.0,3.57,3.96,13290.0,3,OK,Paraná
062ce95fa2ad4dfaedfc79260130565f,RS,52,2.0,3.51,4.02,8546.0,3,OK,Rio Grande do Sul
1a3df491d1c4f1589fc2b934ada68bf2,SC,160,6.0,3.51,4.24,26551.0,3,OK,Santa Catarina
0b90b6df587eb83608a64ea8b390cf07,PR,158,7.0,3.48,4.05,31115.0,3,OK,Paraná
6b243f80ed07b10f0e8aa0f21a205f3c,PR,77,3.0,3.45,4.0,7647.0,3,OK,Paraná
febab0275244b9a49a623f0bd613ca2f,SP,98,4.0,3.45,4.41,9384.0,3,OK,São Paulo
3bdff180c7e1f6551a643b99c265a120,SP,56,2.0,3.45,4.18,4012.0,3,OK,São Paulo
4e7c18b98d84e05cbae3ff0ff03846c2,SP,80,3.0,3.45,4.2,11662.0,3,OK,São Paulo
c864036feaab8c1659f65ea4faebe1da,PR,58,2.0,3.45,4.57,12300.0,3,OK,Paraná
376a891762bbdecbc02b4b6adec3fdda,GO,57,2.0,3.45,4.67,7694.0,3,OK,Goiás
05ff92fedb5be47920fea08e501238b9,RS,56,2.0,3.39,4.27,22863.0,3,OK,Rio Grande do Sul
3078096983cf766a32a06257648502d1,SP,56,2.0,3.28,4.3,9281.0,3,OK,São Paulo
2ff97219cb8622eaf3cd89b7d9c09824,SP,85,3.0,3.26,4.57,5604.0,3,OK,São Paulo
7178f9f4dd81dcef02f62acdf8151e01,SC,202,7.0,3.26,4.05,41180.0,3,OK,Santa Catarina
36a968b544695394e4e9d7572688598f,SP,146,5.0,3.25,3.72,8890.0,3,OK,São Paulo
9b013e03b2ab786505a1d3b5c0756754,SP,167,7.0,3.23,4.09,11084.0,3,OK,São Paulo
ff063b022a9a0aab91bad2c9088760b7,SP,91,3.0,3.23,4.35,13647.0,3,OK,São Paulo
95e03ca3d4146e4011985981aeb959b9,RJ,168,6.0,3.23,4.06,13832.0,3,OK,Rio de Janeiro
de722cd6dad950a92b7d4f82673f8833,PE,335,12.0,3.21,4.19,64597.0,3,OK,Pernambuco
aced59e9b31ef866a94f9e7f29d8d418,SP,57,2.0,3.17,4.51,8157.0,3,OK,São Paulo
80e6699fe29150b372a0c8a1ebf7dcc8,PR,93,3.0,3.16,4.41,13437.0,3,OK,Paraná
cce6ab8d1682639fe45ab70234f1665f,SP,61,2.0,3.13,4.53,3580.0,2,OK,São Paulo
562fc2f2c2863ab7e79a9e4388a58a14,SP,248,8.0,3.11,4.28,12436.0,2,OK,São Paulo
1838dd9b8977065acf51d95e0053ea7a,MG,62,2.0,3.08,4.34,3963.0,2,OK,Minas Gerais
76d64c4aca3a7baf218bf93ef7fa768d,PR,61,2.0,3.03,4.21,20025.0,2,OK,Paraná
966cb4760537b1404caedd472cc610a5,SP,66,2.0,3.03,4.09,46433.0,2,OK,São Paulo
53243585a1d6dc2643021fd1853d8905,BA,348,12.0,3.0,4.13,230797.0,2,OK,Bahia
b76dba6c951ab00dc4edf0a1aa88037e,SP,157,5.0,2.99,4.19,4827.0,2,OK,São Paulo
b92e3c8f9738272ff7c59e111e108d7c,MG,59,2.0,2.99,4.07,10193.0,2,OK,Minas Gerais
1e8b33f18b4f7598d87f5cbee2282cc2,SP,117,4.0,2.99,4.36,19196.0,2,OK,São Paulo
d94a40fd42351c259927028d163af842,MG,93,3.0,2.97,4.23,15857.0,2,OK,Minas Gerais
7722b1df1b0e383e000397b2c11e3e19,SP,126,4.0,2.92,4.27,8781.0,2,OK,São Paulo
98dac6635aee4995d501a3972e047414,SP,82,5.0,2.91,3.81,6038.0,2,OK,São Paulo
fcb5ace8bcc92f75707dc0f01a27d269,SP,58,2.0,2.9,3.94,8819.0,2,OK,São Paulo
9e6229250fedbe05838fef417b74e7fb,SP,67,2.0,2.86,4.06,13379.0,2,OK,São Paulo
116ccb1a1604bc88e4d234a8c23f33de,SP,59,2.0,2.82,4.65,2823.0,2,OK,São Paulo
aaed1309374718fdd995ee4c58c9dfcd,SC,102,3.0,2.75,4.06,11372.0,2,OK,Santa Catarina
25e6ffe976bd75618accfe16cefcbd0d,SP,102,3.0,2.73,4.51,12935.0,2,OK,São Paulo
5f1dc28029d2c244352a68107ec2b542,SP,60,2.0,2.67,4.46,3678.0,2,OK,São Paulo
2a84855fd20af891be03bc5924d2b453,MG,153,4.0,2.55,4.36,17988.0,2,OK,Minas Gerais
709e16e2b25c7474d980076c6bfc4806,SP,59,2.0,2.53,4.52,6330.0,2,OK,São Paulo
37be5a7c751166fbc5f8ccba4119e043,SP,269,7.0,2.52,4.32,60757.0,2,OK,São Paulo
b4ffb71f0cb1b1c3d63fad021ecf93e1,SP,139,4.0,2.52,4.1,8885.0,2,OK,São Paulo
516e7738bd8f735ac19a010ee5450d8d,RJ,72,2.0,2.5,4.66,7815.0,2,OK,Rio de Janeiro
dbc22125167c298ef99da25668e1011f,MG,383,10.0,2.47,4.3,39430.0,2,OK,Minas Gerais
0432ead42b6c8a0bdf68154add917fdf,SP,78,2.0,2.41,4.63,8343.0,2,OK,São Paulo
bd23da7354813347129d751591d1a6e2,SP,83,2.0,2.38,4.16,10758.0,2,OK,São Paulo
d98eec89afa3380e14463da2aabaea72,RS,164,4.0,2.25,4.38,9960.0,2,OK,Rio Grande do Sul
8bb48dc19fccaa8613b6229bf7f452a2,SP,79,2.0,2.2,4.43,5799.0,2,OK,São Paulo
85d9eb9ddc5d00ca9336a2219c97bb13,MG,496,11.0,2.16,4.22,23432.0,2,OK,Minas Gerais
9674754b5a0cb32b638cec001178f799,SP,83,2.0,2.13,4.07,6015.0,2,OK,São Paulo
229c3efbfb0ea2058de4ccdfbc3d784a,MG,117,3.0,2.08,3.66,17684.0,2,OK,Minas Gerais
8a432f4e5b471f8da497d7dc517666e2,SP,89,2.0,2.02,4.31,8966.0,2,OK,São Paulo
ac3508719a1d8f5b7614b798f70af136,RS,99,2.0,2.02,4.63,15225.0,2,OK,Rio Grande do Sul
5cf13accae3222c70a9cac40818ae839,MG,142,3.0,2.01,4.54,16704.0,2,OK,Minas Gerais
86ccac0b835037332a596a33b6949ee1,SC,169,4.0,2.01,4.07,19113.0,2,OK,Santa Catarina
cab85505710c7cb9b720bceb52b01cee,SP,197,4.0,2.0,4.35,13666.0,2,OK,São Paulo
6c177e38df6d3f34182b1f1d427231bf,PR,53,1.0,1.85,4.15,9115.0,2,OK,Paraná
a5cba26a62b8b4d0145b68b841e62e7f,PR,53,1.0,1.85,4.57,15786.0,2,OK,Paraná
8c16d1f32a54d92897cc437244442e1b,SC,103,2.0,1.77,4.35,7390.0,2,OK,Santa Catarina
6c7d50c24b3ccd2fd83b44d8bb34e073,SP,102,2.0,1.72,4.57,10050.0,2,OK,São Paulo
609e1a9a6c2539919b8205cf7c4e6ff0,SC,78,2.0,1.71,3.76,8427.0,2,OK,Santa Catarina
289cdb325fb7e7f891c38608bf9e0962,SP,103,2.0,1.68,4.64,14865.0,2,OK,São Paulo
1b8356dabde1d35e17cef975c3f82730,SP,55,1.0,1.67,4.13,4337.0,1,OK,São Paulo
582d4f8675b945722eda7c0cb61ba4c7,SP,53,1.0,1.67,4.28,4772.0,1,OK,São Paulo
33a6f4b1e7cdc205511e76ba1b6e0186,SP,100,2.0,1.65,4.4,11581.0,1,OK,São Paulo
cb8bcce248bb1fb274ba762d8b971456,MG,65,1.0,1.52,4.33,10204.0,1,OK,Minas Gerais
91f848e9f4be368f4318775aac733370,SP,60,1.0,1.43,4.37,6862.0,1,OK,São Paulo
e26901d5ab434ce92fd9b5c256820a4e,SP,196,3.0,1.4,4.14,14440.0,1,OK,São Paulo
520b493b57809f446cb0a233bb3e25c7,SP,62,1.0,1.39,4.42,4742.0,1,OK,São Paulo
ce27a3cc3c8cc1ea79d11e561e9bebb6,SP,118,2.0,1.36,4.14,11436.0,1,OK,São Paulo
c3cfdc648177fdbbbb35635a37472c53,PR,273,4.0,1.32,4.49,48424.0,1,OK,Paraná
d921b68bf747894be13a97ae52b0f386,MG,76,1.0,1.32,4.61,17175.0,1,OK,Minas Gerais
6cd68b3ed6d59aaa9fece558ad360c0a,MG,145,2.0,1.31,4.45,13450.0,1,OK,Minas Gerais
9d5a9018aee56acb367ba9c3f05d1d6a,GO,65,1.0,1.3,4.47,11725.0,1,OK,Goiás
259f7b5e6e482c230e5bfaa670b6bb8f,SP,132,2.0,1.27,4.33,10721.0,1,OK,São Paulo
dfa0c4c6229ab200a4a1336b4d7128ff,SC,72,1.0,1.23,4.15,6125.0,1,OK,Santa Catarina
744dac408745240a2c2528fb1b6028f3,PR,77,1.0,1.22,4.6,23881.0,1,OK,Paraná
080199a181c46c657dc5aa235411be3b,SP,79,1.0,1.2,4.61,15545.0,1,OK,São Paulo
0df3984f9dfb3d49ac6366acbd3bbb85,MG,83,1.0,1.18,4.41,10914.0,1,OK,Minas Gerais
48162d548f5b1b11b9d29d1e01f75a61,SP,64,1.0,1.18,3.95,20907.0,1,OK,São Paulo
725c32fa80c2faacc4fc88450d27314e,SP,88,1.0,1.09,4.54,9013.0,1,OK,São Paulo
822166ed1e47908f7cfb49946d03c726,RJ,62,1.0,1.06,4.04,4698.0,1,OK,Rio de Janeiro
d12c926d74ceff0a90a21184466ce161,SP,73,1.0,1.06,4.1,4947.0,1,OK,São Paulo
5c243662ce92d84573bfaff24c3e3700,SP,98,1.0,1.0,4.13,34638.0,1,OK,São Paulo
530ec6109d11eaaf87999465c6afee01,PR,94,1.0,0.99,4.32,15279.0,1,OK,Paraná
612170e34b97004b3ba37eae81836b4c,RS,106,1.0,0.92,4.43,25242.0,1,OK,Rio Grande do Sul
0ea22c1cfbdc755f86b9b54b39c16043,MG,216,2.0,0.82,4.46,13681.0,1,OK,Minas Gerais
17ca9b9e9b9ef8fdb529001b49ebb50f,MG,112,1.0,0.8,4.04,11835.0,1,OK,Minas Gerais
12b9676b00f60f3b700e83af21824c0e,RS,133,1.0,0.75,4.52,29902.0,1,OK,Rio Grande do Sul
ca3bd7cd9f149df75950150d010fe4a2,SP,67,1.0,0.75,3.79,12529.0,1,OK,São Paulo
0bae85eb84b9fb3bd773911e89288d54,SP,130,1.0,0.72,4.25,9935.0,1,OK,São Paulo
2b3e4a2a3ea8e01938cabda2a3e5cc79,SP,51,0.0,0.0,4.45,23354.0,1,OK,São Paulo
d566c37fa119d5e66c4e9052e83ee4ea,SP,64,0.0,0.0,4.71,6018.0,1,OK,São Paulo
57e632711dec9ec14ca7546769483e7e,SC,60,0.0,0.0,4.46,7348.0,1,OK,Santa Catarina
8ae520247981aa06bc94abddf5f46d34,SC,65,0.0,0.0,4.45,17766.0,1,OK,Santa Catarina
b372ee768ed69e46ca8cdbd267aa7a38,SP,63,0.0,0.0,4.41,13814.0,1,OK,São Paulo
cc63f0dd2acba93ffed4fe9f8e0321fa,SP,55,0.0,0.0,4.05,8497.0,1,OK,São Paulo
9616352088dcf83a7c06637f4ebf1c80,PR,91,0.0,0.0,4.27,7410.0,1,OK,Paraná
06e5eefc71ec47ae763c5c6f8db7064f,RS,88,0.0,0.0,3.93,23219.0,1,OK,Rio Grande do Sul
fc906263ca5083d09dce42fe02247800,MG,111,0.0,0.0,4.43,6227.0,1,OK,Minas Gerais
e882b2a25a10b9c057cc49695f222c19,RJ,57,0.0,0.0,4.59,53914.0,1,OK,Rio de Janeiro
f3b80352b986ab4d1057a4b724be19d0,DF,86,0.0,0.0,4.16,11941.0,1,OK,Distrito Federal
d57e18d5f73c7ccb7f7339b61166898d,SP,60,0.0,0.0,4.47,4046.0,1,OK,São Paulo
3504c0cb71d7fa48d967e0e4c94d59d9,SP,52,0.0,0.0,4.48,2923.0,1,OK,São Paulo
